Clientes,Saldo Brutos,Deducciones,Saldo Netos
Cliente 1,15844,1584.4,14259.6
Cliente 2,47677,4767.7,42909.3
Cliente 3,88885,8888.5,79996.5
Cliente 4,84318,8431.800000000001,75886.2
Cliente 5,88783,8878.300000000001,79904.7
Cliente 6,80640,8064.0,72576.0
Cliente 7,24813,2481.3,22331.7
Cliente 8,11221,1122.1000000000001,10098.9
Cliente 9,74471,7447.1,67023.9
Cliente 10,15118,1511.8000000000002,13606.2
